Hamming Loss,Recall (micro),Recall (macro),Accuracy,F1-score (micro),F1-score (macro),Precision (micro),Precision (macro)
0.013088054566871208,0.1511091093345344,0.06060416599670992,0.11237322515212982,0.2586115527291998,0.08150206458796039,0.896160267111853,0.6599406274904422
0.029686044879890797,0.21399617160229703,0.10025429444577824,0.05125084516565247,0.178841132048839,0.08835912370447221,0.15360678925035362,0.21949345929342873
0.020335004528812175,0.3774349735390159,0.296850494847499,0.11223799864773495,0.3592904228522429,0.28501241692210333,0.3428103906729392,0.2759217647452904
0.014499853291999949,0.12442292534624479,0.05746284878169736,0.05138607167004733,0.2058782430481159,0.07332703903414556,0.5961694092257891,0.6958222720005525
