Hamming Loss,Recall (micro),Recall (macro),Accuracy,F1-score (micro),F1-score (macro),Precision (micro),Precision (macro)
0.012843115992872968,0.17126449724130166,0.0774253889959539,0.12359702501690331,0.2871843285343404,0.10508864376361735,0.8886941279579317,0.6718533774931673
0.03822147379880167,0.24535525278684833,0.13944778182269557,0.05233265720081136,0.16243919712246307,0.10133127632189144,0.12140966708455217,0.11692315205422009
0.01972691049961516,0.37219907668055396,0.29086644856763244,0.09966193373901285,0.36307219155888737,0.28393245049787413,0.354382203162691,0.2790592148431613
0.014307644549904108,0.11828622902826258,0.054280883078987346,0.04773495605138607,0.19985731272294888,0.0727598352098851,0.6438859944836041,0.6896824300804234
