Hamming Loss,Recall (micro),Recall (macro),Accuracy,F1-score (micro),F1-score (macro),Precision (micro),Precision (macro)
0.009325668449197862,0.029131175468483816,0.004941521809813461,0.002,0.05556458164094232,0.008270207427899655,0.6,0.9468259301984031
0.037114973262032086,0.4386712095400341,0.08642993473244291,0.0002,0.1820753049319427,0.04363636348667891,0.11487842962302029,0.21564977348293396
0.015110160427807487,0.1269733106189665,0.03693008849833687,0.0028,0.1366414079687118,0.039968607561305644,0.14790316179388807,0.10385908337674539
0.009828877005347594,0.033446905167518456,0.007254122674171578,0.003,0.06023110747520196,0.009784092178320124,0.30236139630390146,0.9095140687602762
