Hamming Loss,Recall (micro),Recall (macro),Accuracy,F1-score (micro),F1-score (macro),Precision (micro),Precision (macro)
0.009391978609625668,0.016638273708120387,0.0012637565825413227,0.0,0.03228828034602457,0.002058052391444441,0.5435992578849722,0.9830406174557315
0.01763903743315508,0.2221465076660988,0.01776246836481011,0.0002,0.19172241417334412,0.006844240110265563,0.1686279581016423,0.970120867791481
0.010472192513368984,0.06575809199318569,0.005221405991290464,0.0004,0.10575825380154345,0.005584812649180928,0.2699930053625554,0.9686187248479008
0.009781283422459893,0.019988642816581487,0.002227994973127141,0.0002,0.037062384838115296,0.0025377972105415075,0.25415162454873647,0.9820128097298848
