Hamming Loss,Recall (micro),Recall (macro),Accuracy,F1-score (micro),F1-score (macro),Precision (micro),Precision (macro)
0.04642706693568056,0.49530434782608695,0.1601671751367177,0.13160987074030553,0.576284904896803,0.19984288506332795,0.6889211417513305,0.39054556983557476
0.1420082921313438,0.5994782608695652,0.23944743512512873,0.0011750881316098707,0.34987819732034103,0.13874311483929608,0.24702594238211265,0.45741141058035456
0.0703279161031417,0.4866086956521739,0.21076632301243917,0.11104582843713279,0.46867671691792295,0.19222194593057454,0.45201938610662357,0.18171733838534582
0.05931977917211716,0.29130434782608694,0.09133265182602772,0.11222091656874265,0.38501321687162393,0.11397581888047004,0.5676042019654355,0.6862183254659694
