Hamming Loss,Recall (micro),Recall (macro),Accuracy,F1-score (micro),F1-score (macro),Precision (micro),Precision (macro)
0.0013986796464137855,0.971049457177322,0.736989179194247,0.9652567975830816,0.9847094801223243,0.7615975511950772,0.9987593052109182,0.9989106753812635
0.0025176233635448137,0.9782870928829915,0.7639501579248682,0.9380664652567976,0.973005398920216,0.7640910858091741,0.9677804295942721,0.9703319338553257
0.0008951549737048226,0.991556091676719,0.8791260661551505,0.9773413897280967,0.9903614457831325,0.8668967219965914,0.9891696750902527,0.9702359669055743
0.04375069933982321,0.2135102533172497,0.08102810169006171,0.23867069486404835,0.3116197183098592,0.11632267733142122,0.5765472312703583,0.6722289684949067
