Hamming Loss,Recall (micro),Recall (macro),Accuracy,F1-score (micro),F1-score (macro),Precision (micro),Precision (macro)
0.0013986796464137855,0.971049457177322,0.741713291061216,0.9637462235649547,0.9847094801223242,0.7639465449530056,0.9987593052109182,0.9989106753812635
0.0025176233635448137,0.9746682750301568,0.7626104466608363,0.9395770392749244,0.9729078868151716,0.7652978287640347,0.9711538461538461,0.9729938271604939
0.0006154190444220656,0.9939686369119421,0.8864936487915505,0.9833836858006042,0.9933694996986137,0.8790660084890687,0.9927710843373494,0.9841621915172828
0.043359069038827344,0.21109770808202655,0.0831726667725699,0.2326283987915408,0.3111111111111111,0.12135154090412593,0.5912162162162162,0.6770815445924377
