,Hamming Loss,Recall (micro),Recall (macro),Accuracy,F1-score (micro),F1-score (macro),Precision (micro),Precision (macro),execution time (s)
MLkNN 'bibtex',0.016963697211697517,0.20853507487895506,0.13199039432435947,0.07315753887762001,0.2708196241865906,0.1631071623099875,0.3861551292743953,0.2889270268747574,121.05511140823364
MLkNN 'genbase',0.04660400581850733,0.3027744270205066,0.13402282738923205,0.32326283987915405,0.3760299625468165,0.16288847692437572,0.49604743083003955,0.5207277044655911,4.449107646942139
MLkNN 'enron,0.06069441057135889,0.41530434782608694,0.16074898478221283,0.10399529964747356,0.4659057652911911,0.18009096472722086,0.5305487669406799,0.3465950173522637,10.505921602249146
MLkNN 'medical',0.01767780049988639,0.6297208538587848,0.23867975216365278,0.4703476482617587,0.6634948096885813,0.26072304746318997,0.7010968921389397,0.6886457569305802,5.4933154582977295
MLkNN 'yeast',0.21617707902358296,0.6050190411092666,0.4171447553506666,0.20190318576748034,0.6288120972243365,0.4398008338876031,0.6545531375448975,0.5634543459889939,5.492321014404297
MLkNN 'Corel5k',0.012337967914438502,0.09307211811470756,0.023859379876072374,0.0056,0.1244022770398482,0.02968340942849388,0.18752860411899314,0.3602409123951864,164.98100757598877
