,Hamming Loss,Recall (micro),Recall (macro),Accuracy,F1-score (micro),F1-score (macro),Precision (micro),Precision (macro),execution time (s)
MLkNN 'bibtex',0.016537606150679746,0.19571951562940018,0.12078006967381412,0.07707910750507099,0.26330744459177874,0.14717852297890643,0.40219907407407407,0.40389052209744547,27.39640712738037
MLkNN 'genbase',0.03815093288777499,0.3974358974358974,0.426213500825904,0.42105263157894735,0.47509578544061304,0.43965572618689147,0.5904761904761905,0.7369749591971813,0.6143569946289062
MLkNN 'enron,0.058097714823216955,0.4437716262975779,0.2438433057672861,0.07038123167155426,0.49421965317919075,0.22406391195142072,0.5576086956521739,0.5119519367360651,2.915207862854004
MLkNN 'medical',0.018934240362811793,0.6333333333333333,0.566804175075048,0.4744897959183674,0.6454352441613588,0.5394473443282815,0.658008658008658,0.7901337697789381,1.0731306076049805
MLkNN 'yeast',0.2173848878394333,0.6160194174757282,0.4149026667858851,0.1921487603305785,0.6327599102468212,0.42977867352235666,0.6504356740133265,0.5422705125559305,1.1359636783599854
MLkNN 'rcv1subset4',0.02037953795379538,0.4383983572895277,0.29200931695801396,0.3908333333333333,0.5091414944356121,0.30841671981434815,0.6071090047393365,0.5931160603319156,215.08208584785461
MLkNN 'Corel5k',0.012401069518716577,0.08009024252679076,0.20597102662358646,0.005,0.10910487898578564,0.19356861241681114,0.1710843373493976,0.6321073483830376,46.53561067581177
