,Hamming Loss,Recall (micro),Recall (macro),Accuracy,F1-score (micro),F1-score (macro),Precision (micro),Precision (macro)
Model7_Adapt (MLkNN),0.08402489626556017,0.734375,0.7457439097228975,0.6804979253112033,0.7557788944723618,0.7545788383245644,0.7784679089026915,0.7898300771853067
Model8_Adapt (MLTSVM ),0.14349930843706776,0.427734375,0.43005195938661833,0.2987551867219917,0.5134818288393904,0.5182870219927463,0.6422287390029325,0.6912230228193034
Model9_Adapt (BRkNN),0.08540802213001383,0.7109375,0.7210525516982061,0.6846473029045643,0.7466666666666667,0.7469859559273001,0.7861771058315334,0.8049417279982324
