,Hamming Loss,Recall (micro),Recall (macro),Accuracy,F1-score (micro),F1-score (macro),Precision (micro),Precision (macro),execution time (s)
MLkNN 'bibtex',0.016537606150679746,0.19571951562940018,0.12078006967381412,0.07707910750507099,0.26330744459177874,0.14717852297890643,0.40219907407407407,0.40389052209744547,35.676745891571045
MLkNN 'genbase',0.03815093288777499,0.3974358974358974,0.426213500825904,0.42105263157894735,0.47509578544061304,0.43965572618689147,0.5904761904761905,0.7369749591971813,0.5909311771392822
MLkNN 'enron,0.058097714823216955,0.4437716262975779,0.2438433057672861,0.07038123167155426,0.49421965317919075,0.22406391195142072,0.5576086956521739,0.5119519367360651,3.5639827251434326
MLkNN 'delicious',0.020415994603067422,0.19093207208676508,0.0833811218283382,0.0034150884818379386,0.265898973380576,0.10664896422690287,0.4377921543696945,0.5165527981614809,344.6883051395416
MLkNN 'medical',0.018934240362811793,0.6333333333333333,0.566804175075048,0.4744897959183674,0.6454352441613588,0.5394473443282815,0.658008658008658,0.7901337697789381,1.0272586345672607
MLkNN 'yeast',0.2173848878394333,0.6160194174757282,0.4149026667858851,0.1921487603305785,0.6327599102468212,0.42977867352235666,0.6504356740133265,0.5422705125559305,1.1489300727844238
MLkNN 'rcv1subset4',0.02037953795379538,0.4383983572895277,0.29200931695801396,0.3908333333333333,0.5091414944356121,0.30841671981434815,0.6071090047393365,0.5931160603319156,63.473331928253174
