Hamming Loss,Recall (micro),Recall (macro),Accuracy,F1-score (micro),F1-score (macro),Precision (micro),Precision (macro)
0.19433772681600567,0.6048237476808905,0.3651988483849521,0.18783616052958213,0.6532377135625396,0.38539954543314414,0.7100768084374641,0.7811344060907303
0.2834978426620959,0.5984767112586662,0.4967498423356425,0.09929664873810509,0.5609811907921834,0.44842991407786986,0.5279069767441861,0.4227123235705918
0.27664164548732195,0.5422322038863392,0.3914623704026968,0.06247414149772445,0.5426295988664681,0.39195899554356084,0.5430275767651086,0.3927206653936651
0.215438264672853,0.5921296748364417,0.39671902707114765,0.19031857674803476,0.6245751364713152,0.42239079635581767,0.6607823907595075,0.5759942522583678
