Hamming Loss,Recall (micro),Recall (macro),Accuracy,F1-score (micro),F1-score (macro),Precision (micro),Precision (macro)
0.1928009929664874,0.5760179669954106,0.34740367100738784,0.21762515515101366,0.6439253356620457,0.3824251077156394,0.7299839128820691,0.7648343200736989
0.31556238548377563,0.577970901279172,0.5173675240818756,0.09971038477451385,0.5257594599395985,0.4367329906604715,0.4821995926680244,0.4172536074018569
0.2813405047579644,0.5435016111707841,0.39938090700061785,0.11170872983036823,0.5390276970753438,0.3947668924831798,0.5346268369993277,0.39081942916207374
0.22522016667651754,0.591153207694561,0.4050542678452083,0.2370707488622259,0.6137158497643064,0.4228060418996464,0.6380691399662732,0.4542182513348299
